{"System/Memory Usage (MB)": 650.80078125, "iteration": 19, "_timestamp": 1722488385.4719992, "_runtime": 42697.483832120895, "_step": 6688, "System/CPU Utilization (%)": 14.7, "Agent_0_Steps/Reward": 0.9354686332835533, "step": 32, "Agent_0_Steps/Cumulative_Reward": 1293.705170689605, "Agent_1_Steps/Reward": 0.8747276325089266, "Agent_1_Steps/Cumulative_Reward": 1250.7492362137564, "Overall/Average_Reward": 0.8885101499587904, "Overall/Average_Cumulative_Reward": 16.352638909637644, "Overall/Learning_Rate": 0.0003, "Agent_0/Cumulative_Reward": 1263.8379405858013, "Agent_0/Average_Reward": 0.8994099542606858, "Agent_0/Actor Loss": -0.007785794834295909, "Agent_0/Critic Loss": 0.9182206126550834, "Agent_0/Total Loss": 0.03775822568684816, "Agent_0/Entropy": 0.036701169336835544, "Agent_0/Value Loss": 0.9182206126550834, "Agent_0/Policy Gradient Loss": -0.007785794834295909, "Agent_0/Approx KL": 0.005505983111755389, "Agent_0/Clip Fraction": 0.010666666825612386, "Agent_0/Explained Variance": 2.384185791015625e-07, "Agent_0_Actions/Action_Distribution": {"_type": "histogram", "values": [0, 0, 0, 0, 0, 0, 0, 0, 0, 0, 0, 0, 0, 0, 0, 0, 0, 0, 0, 0, 0, 0, 0, 0, 0, 0, 0, 0, 0, 0, 0, 0, 1, 0, 0, 0, 0, 0, 0, 0, 0, 0, 0, 0, 0, 0, 0, 0, 0, 0, 0, 0, 0, 0, 0, 0, 0, 0, 0, 0, 0, 0, 0, 0], "bins": [73.5, 73.515625, 73.53125, 73.546875, 73.5625, 73.578125, 73.59375, 73.609375, 73.625, 73.640625, 73.65625, 73.671875, 73.6875, 73.703125, 73.71875, 73.734375, 73.75, 73.765625, 73.78125, 73.796875, 73.8125, 73.828125, 73.84375, 73.859375, 73.875, 73.890625, 73.90625, 73.921875, 73.9375, 73.953125, 73.96875, 73.984375, 74.0, 74.015625, 74.03125, 74.046875, 74.0625, 74.078125, 74.09375, 74.109375, 74.125, 74.140625, 74.15625, 74.171875, 74.1875, 74.203125, 74.21875, 74.234375, 74.25, 74.265625, 74.28125, 74.296875, 74.3125, 74.328125, 74.34375, 74.359375, 74.375, 74.390625, 74.40625, 74.421875, 74.4375, 74.453125, 74.46875, 74.484375, 74.5]}, "action": "3", "Agent_1/Cumulative_Reward": 1221.7631736791209, "Agent_1/Average_Reward": 0.8776103456568947, "Agent_1/Actor Loss": -5.189453562100729e-07, "Agent_1/Critic Loss": 0.9751689364444852, "Agent_1/Total Loss": 0.04848189148431023, "Agent_1/Entropy": 0.027603981643915178, "Agent_1/Value Loss": 0.9751689364444852, "Agent_1/Policy Gradient Loss": -5.189453562100729e-07, "Agent_1/Approx KL": 3.9904500074653036e-05, "Agent_1/Clip Fraction": 0.0, "Agent_1/Explained Variance": 3.0994415283203125e-06, "Agent_1_Actions/Action_Distribution": {"_type": "histogram", "values": [0, 0, 0, 0, 0, 0, 0, 0, 0, 0, 0, 0, 0, 0, 0, 0, 0, 0, 0, 0, 0, 0, 0, 0, 0, 0, 0, 0, 0, 0, 0, 0, 1, 0, 0, 0, 0, 0, 0, 0, 0, 0, 0, 0, 0, 0, 0, 0, 0, 0, 0, 0, 0, 0, 0, 0, 0, 0, 0, 0, 0, 0, 0, 0], "bins": [-0.5, -0.484375, -0.46875, -0.453125, -0.4375, -0.421875, -0.40625, -0.390625, -0.375, -0.359375, -0.34375, -0.328125, -0.3125, -0.296875, -0.28125, -0.265625, -0.25, -0.234375, -0.21875, -0.203125, -0.1875, -0.171875, -0.15625, -0.140625, -0.125, -0.109375, -0.09375, -0.078125, -0.0625, -0.046875, -0.03125, -0.015625, 0.0, 0.015625, 0.03125, 0.046875, 0.0625, 0.078125, 0.09375, 0.109375, 0.125, 0.140625, 0.15625, 0.171875, 0.1875, 0.203125, 0.21875, 0.234375, 0.25, 0.265625, 0.28125, 0.296875, 0.3125, 0.328125, 0.34375, 0.359375, 0.375, 0.390625, 0.40625, 0.421875, 0.4375, 0.453125, 0.46875, 0.484375, 0.5]}, "Overall/Average_Actor_Loss": -0.0038931568898260592, "Overall/Average_Critic_Loss": 0.9466947745497842, "Overall/Average_Total_Loss": 0.0431200585855792, "Overall/Average_Entropy": 0.03215257549037536, "Overall/Average_Value_Loss": 0.9466947745497842, "Overall/Average_Policy_Gradient_Loss": -0.0038931568898260592, "Overall/Average_Approx_KL": 0.002772943805915021, "Overall/Average_Clip_Fraction": 0.005333333412806193, "Overall/Average_Explained_Variance": 1.6689300537109375e-06, "Overall_Actions/Action_Distribution": {"_type": "histogram", "values": [0, 0, 0, 0, 0, 0, 0, 0, 0, 0, 0, 0, 0, 0, 0, 0, 0, 0, 0, 0, 0, 0, 0, 0, 0, 0, 0, 0, 0, 0, 0, 0, 1, 0, 0, 0, 0, 0, 0, 0, 0, 0, 0, 0, 0, 0, 0, 0, 0, 0, 0, 0, 0, 0, 0, 0, 0, 0, 0, 0, 0, 0, 0, 0], "bins": [36.5, 36.515625, 36.53125, 36.546875, 36.5625, 36.578125, 36.59375, 36.609375, 36.625, 36.640625, 36.65625, 36.671875, 36.6875, 36.703125, 36.71875, 36.734375, 36.75, 36.765625, 36.78125, 36.796875, 36.8125, 36.828125, 36.84375, 36.859375, 36.875, 36.890625, 36.90625, 36.921875, 36.9375, 36.953125, 36.96875, 36.984375, 37.0, 37.015625, 37.03125, 37.046875, 37.0625, 37.078125, 37.09375, 37.109375, 37.125, 37.140625, 37.15625, 37.171875, 37.1875, 37.203125, 37.21875, 37.234375, 37.25, 37.265625, 37.28125, 37.296875, 37.3125, 37.328125, 37.34375, 37.359375, 37.375, 37.390625, 37.40625, 37.421875, 37.4375, 37.453125, 37.46875, 37.484375, 37.5]}}